{
  "accuracy": 0.7842441447835344,
  "precision": 0.5902061855670103,
  "recall": 0.6122994652406417,
  "f1_score": 0.6010498687664042,
  "roc_auc": 0.8257756594073731,
  "confusion_matrix": {
    "true_negatives": 876,
    "false_positives": 159,
    "false_negatives": 145,
    "true_positives": 229
  },
  "classification_report": {
    "0": {
      "precision": 0.8579823702252694,
      "recall": 0.8463768115942029,
      "f1-score": 0.8521400778210116,
      "support": 1035.0
    },
    "1": {
      "precision": 0.5902061855670103,
      "recall": 0.6122994652406417,
      "f1-score": 0.6010498687664042,
      "support": 374.0
    },
    "accuracy": 0.7842441447835344,
    "macro avg": {
      "precision": 0.7240942778961399,
      "recall": 0.7293381384174222,
      "f1-score": 0.7265949732937079,
      "support": 1409.0
    },
    "weighted avg": {
      "precision": 0.7869048024025661,
      "recall": 0.7842441447835344,
      "f1-score": 0.785491576624118,
      "support": 1409.0
    }
  },
  "test_samples": 1409,
  "positive_samples": 374,
  "negative_samples": 1035
}